id_site,skill_id
526721,0
526735,1
526737,2
526738,3
526739,4
526740,5
526741,6
526742,7
526743,8
526744,9
526745,10
526746,11
526747,12
526748,13
526749,14
526751,15
526752,16
526753,17
526754,18
526755,19
526756,20
526757,21
526759,22
526760,23
526761,24
526762,25
526763,26
526764,27
526765,28
526766,29
526767,30
526768,31
526769,32
526770,33
526771,34
526772,35
526773,36
526774,37
526775,38
526776,39
526777,40
526778,41
526779,42
526780,43
526781,44
526782,45
526783,46
526784,47
526785,48
526786,49
526787,50
526788,51
526789,52
526790,53
526791,54
526792,55
526793,56
526794,57
526795,58
526796,59
526797,60
526800,61
526801,62
526802,63
526804,64
526805,65
526810,66
526811,67
526812,68
526813,69
526819,70
526820,71
526821,72
526823,73
526824,74
526825,75
526826,76
526827,77
526830,78
526831,79
526833,80
526834,81
526835,82
526837,83
526838,84
526839,85
526841,86
526844,87
526845,88
526846,89
526847,90
526848,91
526849,92
526850,93
526852,94
526853,95
526854,96
526855,97
526856,98
526857,99
526858,100
526859,101
526860,102
526861,103
526862,104
527105,105
527106,106
527107,107
527108,108
527109,109
527111,110
527112,111
527113,112
527114,113
527115,114
527116,115
527117,116
527118,117
527119,118
527120,119
527121,120
527122,121
527124,122
527126,123
527127,124
527128,125
527129,126
527130,127
527131,128
527132,129
527133,130
527134,131
527135,132
527139,133
527140,134
527141,135
527142,136
527144,137
527145,138
527146,139
527147,140
527148,141
527150,142
527156,143
527158,144
527162,145
527163,146
527164,147
527165,148
527167,149
527169,150
527170,151
527171,152
527173,153
527174,154
527175,155
527176,156
527177,157
527178,158
527179,159
527180,160
527181,161
527182,162
527183,163
527184,164
527185,165
527186,166
527187,167
527188,168
527189,169
527190,170
527191,171
527192,172
527193,173
527194,174
527195,175
527196,176
527197,177
527198,178
527199,179
527203,180
527204,181
527205,182
527206,183
527207,184
527208,185
527209,186
527212,187
527213,188
527214,189
527215,190
527217,191
527218,192
527219,193
527221,194
527223,195
527225,196
527228,197
527230,198
527231,199
527233,200
527236,201
527237,202
527239,203
527240,204
527241,205
527242,206
527243,207
527244,208
527245,209
527246,210
527247,211
527248,212
527249,213
527250,214
527251,215
527252,216
527253,217
527254,218
527255,219
527256,220
527257,221
527258,222
527259,223
527260,224
527261,225
527262,226
527263,227
527264,228
527265,229
527266,230
527267,231
527268,232
527269,233
527270,234
527271,235
527272,236
527273,237
527274,238
527275,239
527276,240
527277,241
527278,242
527284,243
527286,244
527296,245
527298,246
527301,247
527302,248
527303,249
527304,250
527314,251
527316,252
527317,253
527318,254
527320,255
527323,256
527324,257
527326,258
527327,259
527328,260
527329,261
527330,262
527331,263
527336,264
527338,265
527340,266
527341,267
527342,268
527343,269
527344,270
527345,271
527346,272
527348,273
527349,274
527350,275
527351,276
527352,277
527353,278
527354,279
527355,280
527356,281
527357,282
527358,283
527359,284
527360,285
527362,286
527363,287
527365,288
527366,289
527367,290
527368,291
527369,292
527370,293
527371,294
527372,295
527374,296
527375,297
527376,298
527377,299
527378,300
527380,301
527383,302
527385,303
527388,304
527389,305
527390,306
527391,307
527392,308
527393,309
527394,310
527395,311
527396,312
527397,313
527398,314
527400,315
527401,316
527402,317
527403,318
527406,319
527407,320
527410,321
527411,322
527412,323
527413,324
527418,325
527420,326
527421,327
527422,328
527423,329
527424,330
527425,331
527426,332
527428,333
527429,334
527430,335
527431,336
527432,337
527433,338
527434,339
527436,340
527437,341
527438,342
527439,343
527441,344
527442,345
527443,346
527444,347
527446,348
527447,349
527448,350
527450,351
527451,352
527452,353
527453,354
527454,355
527455,356
527456,357
527457,358
527458,359
527459,360
527460,361
527461,362
527462,363
527463,364
527464,365
527465,366
527466,367
527467,368
527468,369
527469,370
527470,371
527471,372
527472,373
527473,374
527474,375
527475,376
527476,377
527477,378
527478,379
527479,380
527480,381
527481,382
527482,383
527483,384
527484,385
527485,386
527486,387
527487,388
527488,389
527490,390
527491,391
527492,392
527494,393
527495,394
527496,395
527497,396
527499,397
527502,398
527503,399
527504,400
527505,401
527507,402
527508,403
527509,404
527510,405
527511,406
527512,407
527513,408
527514,409
527515,410
527516,411
527517,412
527518,413
527519,414
527520,415
527521,416
527523,417
527524,418
527525,419
527526,420
527527,421
542792,422
542794,423
542795,424
542796,425
542797,426
542798,427
542799,428
542800,429
542802,430
542803,431
542804,432
542805,433
542806,434
542807,435
542808,436
542810,437
542811,438
542812,439
542864,440
542889,441
542891,442
542892,443
542893,444
542894,445
542895,446
543020,447
543021,448
543022,449
543023,450
543024,451
543025,452
543026,453
543027,454
543028,455
543029,456
543031,457
543032,458
543036,459
543037,460
543038,461
543039,462
543040,463
543041,464
543042,465
543043,466
543044,467
543045,468
543046,469
543047,470
543048,471
543049,472
543050,473
543051,474
543052,475
543053,476
543054,477
543055,478
543056,479
543057,480
543058,481
543059,482
543060,483
543061,484
543062,485
543063,486
543065,487
543066,488
543067,489
543068,490
543069,491
543071,492
543072,493
543073,494
543074,495
543075,496
543076,497
543077,498
543078,499
543079,500
543080,501
543081,502
543082,503
543083,504
543084,505
543085,506
543086,507
543087,508
543088,509
543089,510
543091,511
543092,512
543093,513
543094,514
543095,515
543096,516
543097,517
543098,518
543099,519
543100,520
543101,521
543102,522
543103,523
543104,524
543105,525
543106,526
543107,527
543109,528
543110,529
543111,530
543112,531
543113,532
543114,533
543115,534
543116,535
543117,536
543118,537
543119,538
543120,539
543121,540
543122,541
543123,542
543124,543
543125,544
543126,545
543127,546
543128,547
543129,548
543130,549
543131,550
543132,551
543133,552
543134,553
543135,554
543136,555
543137,556
543138,557
543139,558
543140,559
543142,560
543143,561
543144,562
543145,563
543146,564
543147,565
543148,566
543149,567
543150,568
543151,569
543152,570
543153,571
543154,572
543156,573
543157,574
543158,575
543159,576
543160,577
543161,578
543162,579
543163,580
543164,581
543165,582
543166,583
543167,584
543168,585
543169,586
543170,587
543171,588
543172,589
543173,590
543174,591
543175,592
543176,593
543177,594
543178,595
543179,596
543180,597
543181,598
543182,599
543183,600
543184,601
543185,602
543186,603
543187,604
543188,605
543189,606
543190,607
543191,608
543192,609
543193,610
543194,611
543195,612
543196,613
543197,614
543198,615
543199,616
543200,617
543201,618
543202,619
543203,620
543204,621
543205,622
543206,623
543207,624
543208,625
543209,626
543210,627
543211,628
543212,629
543213,630
543214,631
543215,632
543217,633
543218,634
543220,635
543221,636
543222,637
543223,638
543224,639
543225,640
543227,641
543228,642
543229,643
543230,644
543231,645
543232,646
543233,647
543234,648
543235,649
543236,650
543237,651
543238,652
543239,653
543240,654
543241,655
543242,656
543243,657
543244,658
543245,659
543246,660
543247,661
543249,662
543252,663
543253,664
543254,665
543255,666
543256,667
543257,668
543258,669
543259,670
543260,671
543261,672
543262,673
543263,674
543264,675
543266,676
543267,677
543268,678
543269,679
543270,680
543271,681
543272,682
543273,683
543274,684
543275,685
543276,686
543277,687
543278,688
543279,689
543280,690
543281,691
543282,692
543283,693
543284,694
543285,695
543286,696
543287,697
543288,698
543289,699
543290,700
543291,701
543292,702
543293,703
543294,704
543295,705
543296,706
543297,707
543298,708
543299,709
543300,710
543301,711
543302,712
543303,713
543304,714
543305,715
543306,716
543307,717
543308,718
543309,719
543310,720
543311,721
543312,722
543313,723
543314,724
543315,725
543322,726
543324,727
546614,728
546644,729
546645,730
546647,731
546648,732
546649,733
546650,734
546651,735
546652,736
546653,737
546654,738
546655,739
546656,740
546657,741
546658,742
546659,743
546660,744
546661,745
546662,746
546664,747
546665,748
546666,749
546667,750
546668,751
546669,752
546670,753
546671,754
546672,755
546674,756
546675,757
546676,758
546677,759
546678,760
546680,761
546681,762
546682,763
546683,764
546684,765
546685,766
546686,767
546687,768
546688,769
546689,770
546690,771
546691,772
546692,773
546693,774
546694,775
546695,776
546696,777
546697,778
546699,779
546700,780
546701,781
546702,782
546703,783
546704,784
546705,785
546706,786
546707,787
546708,788
546709,789
546711,790
546712,791
546713,792
546714,793
546715,794
546716,795
546717,796
546719,797
546721,798
546723,799
546725,800
546726,801
546728,802
546731,803
546732,804
546733,805
546734,806
546735,807
546736,808
546737,809
546738,810
546739,811
546740,812
546871,813
546873,814
546874,815
546876,816
546879,817
546883,818
546884,819
546885,820
546887,821
546888,822
546889,823
546890,824
546891,825
546894,826
546896,827
546898,828
546899,829
546900,830
546901,831
546903,832
546904,833
546906,834
546907,835
546909,836
546911,837
546913,838
546916,839
546917,840
546918,841
546920,842
546921,843
546924,844
546930,845
546935,846
546942,847
546943,848
546947,849
546948,850
546949,851
546952,852
546954,853
546955,854
546960,855
546961,856
546965,857
546966,858
546968,859
546970,860
546971,861
546972,862
546974,863
546975,864
546982,865
546983,866
546984,867
546986,868
546988,869
546990,870
546995,871
546996,872
546997,873
546998,874
547000,875
547001,876
547004,877
547005,878
547007,879
547008,880
547009,881
547011,882
547013,883
547015,884
547017,885
547018,886
547020,887
547022,888
547024,889
547030,890
547032,891
547035,892
547036,893
547037,894
547040,895
547043,896
547047,897
547048,898
547049,899
547050,900
547066,901
547067,902
547267,903
547269,904
547270,905
547271,906
547272,907
547273,908
547274,909
547275,910
547276,911
547277,912
547279,913
547303,914
547304,915
547305,916
547306,917
547307,918
547308,919
547309,920
547310,921
547493,922
547539,923
547542,924
547545,925
547546,926
547547,927
547548,928
547550,929
547551,930
547552,931
547555,932
547556,933
547557,934
547558,935
547559,936
547560,937
547561,938
547562,939
547563,940
547564,941
547565,942
547566,943
547567,944
547568,945
547569,946
547570,947
547571,948
547572,949
547573,950
547574,951
547575,952
547576,953
547577,954
547578,955
547579,956
547580,957
547581,958
547582,959
547583,960
547584,961
547585,962
547586,963
547587,964
547588,965
547589,966
547590,967
547591,968
547592,969
547593,970
547594,971
547595,972
547596,973
547598,974
547599,975
547600,976
547601,977
547602,978
547603,979
547604,980
547605,981
547606,982
547607,983
547608,984
547609,985
547610,986
547611,987
547612,988
547613,989
547614,990
547615,991
547616,992
547617,993
547618,994
547619,995
547620,996
547621,997
547622,998
547623,999
547625,1000
547626,1001
547627,1002
547628,1003
547629,1004
547630,1005
547631,1006
547632,1007
547633,1008
547634,1009
547635,1010
547636,1011
547637,1012
547640,1013
547641,1014
547642,1015
547643,1016
547644,1017
547645,1018
547647,1019
547649,1020
547650,1021
547651,1022
547654,1023
547655,1024
547656,1025
547658,1026
547660,1027
547661,1028
547662,1029
547664,1030
547665,1031
547666,1032
547667,1033
547669,1034
547670,1035
547671,1036
547673,1037
547674,1038
547675,1039
547678,1040
547679,1041
547680,1042
547681,1043
547683,1044
547686,1045
547687,1046
547688,1047
547690,1048
547694,1049
547695,1050
547697,1051
547698,1052
547699,1053
547700,1054
547701,1055
547702,1056
547703,1057
547705,1058
547706,1059
547707,1060
547708,1061
547709,1062
547710,1063
547711,1064
547712,1065
547713,1066
547715,1067
547716,1068
547717,1069
547720,1070
547721,1071
547722,1072
547723,1073
547724,1074
547725,1075
547726,1076
547727,1077
547729,1078
547730,1079
547731,1080
547732,1081
547734,1082
547735,1083
547737,1084
547738,1085
547739,1086
547740,1087
547741,1088
547743,1089
547744,1090
547745,1091
547746,1092
547747,1093
547748,1094
547749,1095
547751,1096
547752,1097
547756,1098
547757,1099
547758,1100
547759,1101
547760,1102
547761,1103
547762,1104
547763,1105
547764,1106
547765,1107
547767,1108
547768,1109
547769,1110
547770,1111
547774,1112
547775,1113
547776,1114
547777,1115
547778,1116
547779,1117
547781,1118
547783,1119
547784,1120
547785,1121
547786,1122
547787,1123
547789,1124
547791,1125
547792,1126
547793,1127
547794,1128
547795,1129
547797,1130
547798,1131
547799,1132
547801,1133
547802,1134
547803,1135
547804,1136
547807,1137
547809,1138
547810,1139
547812,1140
547814,1141
547816,1142
547817,1143
547818,1144
547819,1145
547820,1146
547821,1147
547822,1148
547823,1149
547824,1150
547825,1151
547826,1152
547827,1153
547828,1154
547829,1155
547830,1156
547831,1157
547832,1158
547833,1159
547834,1160
547835,1161
547836,1162
547837,1163
547838,1164
547839,1165
547840,1166
547841,1167
547842,1168
547843,1169
547844,1170
547845,1171
547846,1172
547847,1173
547848,1174
547849,1175
547850,1176
547851,1177
547852,1178
547853,1179
547854,1180
547855,1181
547856,1182
547857,1183
547858,1184
547859,1185
547860,1186
547861,1187
547862,1188
547863,1189
547864,1190
547865,1191
547866,1192
547867,1193
547868,1194
547869,1195
547871,1196
547872,1197
547873,1198
547874,1199
547875,1200
547876,1201
547877,1202
547878,1203
547879,1204
547880,1205
547881,1206
547882,1207
547883,1208
547884,1209
547885,1210
547886,1211
547887,1212
547888,1213
547889,1214
547890,1215
547891,1216
547892,1217
547893,1218
547894,1219
547895,1220
547896,1221
547897,1222
547898,1223
547899,1224
547900,1225
547901,1226
547902,1227
547903,1228
547904,1229
547905,1230
547906,1231
547907,1232
547908,1233
547909,1234
547910,1235
547911,1236
547912,1237
547913,1238
547914,1239
547915,1240
547916,1241
547917,1242
547918,1243
547919,1244
547920,1245
547921,1246
547922,1247
547923,1248
547924,1249
547925,1250
547926,1251
547927,1252
547928,1253
547929,1254
547930,1255
547931,1256
547932,1257
547933,1258
547934,1259
547935,1260
547936,1261
547937,1262
547938,1263
547939,1264
547940,1265
547942,1266
547943,1267
547944,1268
547945,1269
547946,1270
547947,1271
547948,1272
547949,1273
547950,1274
547951,1275
547952,1276
547953,1277
547954,1278
547955,1279
547956,1280
547957,1281
547958,1282
547959,1283
547960,1284
547961,1285
547962,1286
547963,1287
547964,1288
547966,1289
547967,1290
547968,1291
551010,1292
551011,1293
551012,1294
551013,1295
551015,1296
551019,1297
551020,1298
551021,1299
551023,1300
551024,1301
551026,1302
551027,1303
551028,1304
551029,1305
551031,1306
551032,1307
551033,1308
551035,1309
551037,1310
551038,1311
551039,1312
551040,1313
551041,1314
551043,1315
551044,1316
551045,1317
551046,1318
551047,1319
551048,1320
551049,1321
551050,1322
551051,1323
551052,1324
551053,1325
551054,1326
551055,1327
551056,1328
551058,1329
551059,1330
551060,1331
551061,1332
551062,1333
551063,1334
551064,1335
551065,1336
551066,1337
551067,1338
551068,1339
551069,1340
551070,1341
551071,1342
551072,1343
551073,1344
551074,1345
551075,1346
551076,1347
551078,1348
551079,1349
551119,1350
551120,1351
551121,1352
551122,1353
551123,1354
551125,1355
551126,1356
551127,1357
551128,1358
551129,1359
551130,1360
551131,1361
551132,1362
551133,1363
551134,1364
551135,1365
551136,1366
551137,1367
551139,1368
551140,1369
551141,1370
551142,1371
551143,1372
551144,1373
551145,1374
551147,1375
551148,1376
551149,1377
551150,1378
551151,1379
551152,1380
551154,1381
551155,1382
551158,1383
551160,1384
551161,1385
551162,1386
551163,1387
551166,1388
551167,1389
551168,1390
551170,1391
551171,1392
551172,1393
551173,1394
551175,1395
551177,1396
661570,1397
661572,1398
661573,1399
661575,1400
661576,1401
661577,1402
661578,1403
661579,1404
661584,1405
661585,1406
661586,1407
661587,1408
661588,1409
661589,1410
661590,1411
661591,1412
661592,1413
661593,1414
661594,1415
661595,1416
661597,1417
661598,1418
661599,1419
661600,1420
661601,1421
661602,1422
661603,1423
661606,1424
661607,1425
661608,1426
661609,1427
661610,1428
661611,1429
661612,1430
661613,1431
661614,1432
661615,1433
661690,1434
661691,1435
661692,1436
661693,1437
661694,1438
661695,1439
661696,1440
661697,1441
661698,1442
661699,1443
661700,1444
661701,1445
661702,1446
661703,1447
661704,1448
661705,1449
661706,1450
661707,1451
661708,1452
661709,1453
661710,1454
661711,1455
661712,1456
661713,1457
661714,1458
661715,1459
661716,1460
661717,1461
661718,1462
661719,1463
661720,1464
661721,1465
661722,1466
661723,1467
661724,1468
661725,1469
661726,1470
661727,1471
661729,1472
661731,1473
661732,1474
661733,1475
661734,1476
661735,1477
661736,1478
661738,1479
661740,1480
661742,1481
661743,1482
661744,1483
661747,1484
661748,1485
661749,1486
661750,1487
661753,1488
661755,1489
661756,1490
661759,1491
661761,1492
661762,1493
661763,1494
661765,1495
661766,1496
661767,1497
661768,1498
661769,1499
661770,1500
661771,1501
661772,1502
661774,1503
661775,1504
661777,1505
661779,1506
661780,1507
661783,1508
661785,1509
661786,1510
661787,1511
661789,1512
661790,1513
661792,1514
661793,1515
661795,1516
661796,1517
661798,1518
661799,1519
661801,1520
661802,1521
661803,1522
661804,1523
661805,1524
661807,1525
661808,1526
661809,1527
661810,1528
661811,1529
673519,1530
673520,1531
673521,1532
673522,1533
673523,1534
673524,1535
673525,1536
673526,1537
673528,1538
673530,1539
673532,1540
673533,1541
673534,1542
673536,1543
673537,1544
673539,1545
673540,1546
673541,1547
673542,1548
673543,1549
673545,1550
673546,1551
673723,1552
673724,1553
673725,1554
673726,1555
673727,1556
673728,1557
673729,1558
673730,1559
673731,1560
673733,1561
673737,1562
673739,1563
673740,1564
673743,1565
673745,1566
673746,1567
673747,1568
673967,1569
673968,1570
673969,1571
673970,1572
673971,1573
673972,1574
673973,1575
673974,1576
673975,1577
673976,1578
673977,1579
673978,1580
673979,1581
673980,1582
673981,1583
673982,1584
673983,1585
673984,1586
673985,1587
673986,1588
673987,1589
673988,1590
673989,1591
673990,1592
673991,1593
673992,1594
673993,1595
673994,1596
673995,1597
673996,1598
673997,1599
673998,1600
673999,1601
674000,1602
674001,1603
674002,1604
674003,1605
674004,1606
674005,1607
674006,1608
674007,1609
674008,1610
674009,1611
674010,1612
674011,1613
674012,1614
674013,1615
674014,1616
674015,1617
674016,1618
674017,1619
674018,1620
674019,1621
674020,1622
674021,1623
674022,1624
674023,1625
674024,1626
674026,1627
674027,1628
674028,1629
674029,1630
674030,1631
674031,1632
674032,1633
674033,1634
674034,1635
674035,1636
674036,1637
674037,1638
674038,1639
674039,1640
674040,1641
674041,1642
674042,1643
674043,1644
674044,1645
674045,1646
674046,1647
674047,1648
674048,1649
674049,1650
674050,1651
674051,1652
674052,1653
674053,1654
674054,1655
674055,1656
674056,1657
674057,1658
674058,1659
674059,1660
674060,1661
674061,1662
674062,1663
674063,1664
674064,1665
674065,1666
674066,1667
674067,1668
674069,1669
674070,1670
674071,1671
674072,1672
674073,1673
674074,1674
674075,1675
674077,1676
674078,1677
674079,1678
674080,1679
674082,1680
674083,1681
674084,1682
674085,1683
674086,1684
674087,1685
674088,1686
674089,1687
674090,1688
674091,1689
674092,1690
674093,1691
674094,1692
674095,1693
674096,1694
674097,1695
674098,1696
674099,1697
674100,1698
674101,1699
674102,1700
674103,1701
674104,1702
674105,1703
674107,1704
674108,1705
674110,1706
674111,1707
674112,1708
674113,1709
674115,1710
674117,1711
674118,1712
674119,1713
674120,1714
674121,1715
674122,1716
674123,1717
674124,1718
674125,1719
674126,1720
674127,1721
674129,1722
674131,1723
674132,1724
674133,1725
674134,1726
674135,1727
674136,1728
674137,1729
674138,1730
674139,1731
674140,1732
674141,1733
674142,1734
674143,1735
674144,1736
674145,1737
674146,1738
674148,1739
674149,1740
674150,1741
674151,1742
674152,1743
674153,1744
674154,1745
674155,1746
674156,1747
674157,1748
674158,1749
674159,1750
674160,1751
674161,1752
674162,1753
674163,1754
674164,1755
674165,1756
674166,1757
674167,1758
674168,1759
674169,1760
674170,1761
674171,1762
674172,1763
674174,1764
674175,1765
674176,1766
674177,1767
674178,1768
674179,1769
674180,1770
674181,1771
674182,1772
674183,1773
674184,1774
674185,1775
674186,1776
674187,1777
674188,1778
674190,1779
674191,1780
674192,1781
674193,1782
674194,1783
674195,1784
674196,1785
674197,1786
674198,1787
674199,1788
674200,1789
674202,1790
674203,1791
674204,1792
674206,1793
674207,1794
674208,1795
674209,1796
674210,1797
674212,1798
674213,1799
674214,1800
674215,1801
674216,1802
674217,1803
674218,1804
674220,1805
674221,1806
674222,1807
674224,1808
674225,1809
674226,1810
674227,1811
674228,1812
674229,1813
674230,1814
674232,1815
674233,1816
674234,1817
674235,1818
674236,1819
674237,1820
674238,1821
674240,1822
674241,1823
674242,1824
674243,1825
674244,1826
674245,1827
674246,1828
674247,1829
674248,1830
674249,1831
674250,1832
674251,1833
674252,1834
674253,1835
674255,1836
674256,1837
674257,1838
674258,1839
674259,1840
674262,1841
674263,1842
674264,1843
674265,1844
674266,1845
674267,1846
674268,1847
674269,1848
674270,1849
674271,1850
674272,1851
674273,1852
674274,1853
674275,1854
674276,1855
674277,1856
674278,1857
674279,1858
674281,1859
674282,1860
674283,1861
674284,1862
674285,1863
674286,1864
674287,1865
674288,1866
674290,1867
674291,1868
674292,1869
674293,1870
674294,1871
674295,1872
674296,1873
674297,1874
674299,1875
674300,1876
674301,1877
674302,1878
674303,1879
674306,1880
674307,1881
674308,1882
674309,1883
674310,1884
674311,1885
674312,1886
674313,1887
674314,1888
674315,1889
674316,1890
674317,1891
674318,1892
674319,1893
674320,1894
674321,1895
674322,1896
674325,1897
674326,1898
674327,1899
674328,1900
674329,1901
674331,1902
674332,1903
674333,1904
674334,1905
674335,1906
674336,1907
674337,1908
674338,1909
674339,1910
674341,1911
674344,1912
674345,1913
674346,1914
674347,1915
674348,1916
674351,1917
674352,1918
674353,1919
674355,1920
674356,1921
674357,1922
674358,1923
674359,1924
674360,1925
674362,1926
674363,1927
674364,1928
674366,1929
674367,1930
674369,1931
674370,1932
674373,1933
674374,1934
674378,1935
674379,1936
674380,1937
674381,1938
674382,1939
674383,1940
674391,1941
674392,1942
674393,1943
674427,1944
674428,1945
674429,1946
674430,1947
674431,1948
674432,1949
674433,1950
674434,1951
674435,1952
674436,1953
674437,1954
674438,1955
674439,1956
674440,1957
674449,1958
674450,1959
674453,1960
674457,1961
674458,1962
674461,1963
703721,1964
703722,1965
703723,1966
703725,1967
703726,1968
703727,1969
703728,1970
703729,1971
703730,1972
703731,1973
703732,1974
703733,1975
703734,1976
703735,1977
703736,1978
703737,1979
703738,1980
703739,1981
703740,1982
703741,1983
703742,1984
703894,1985
703895,1986
703896,1987
703897,1988
703898,1989
703900,1990
703901,1991
703902,1992
703933,1993
703939,1994
703940,1995
703941,1996
703942,1997
703943,1998
703944,1999
703945,2000
703946,2001
703947,2002
703948,2003
703949,2004
703950,2005
703951,2006
703952,2007
703953,2008
703954,2009
703955,2010
703956,2011
703957,2012
703958,2013
703959,2014
703960,2015
703961,2016
703962,2017
703963,2018
703964,2019
703965,2020
703966,2021
703967,2022
703968,2023
703969,2024
703970,2025
703971,2026
703972,2027
703973,2028
703974,2029
703975,2030
703979,2031
703981,2032
703982,2033
703983,2034
703984,2035
703985,2036
703986,2037
703987,2038
703988,2039
703989,2040
703990,2041
703991,2042
703992,2043
703993,2044
703995,2045
703997,2046
703998,2047
703999,2048
704000,2049
704001,2050
704002,2051
704003,2052
704004,2053
704005,2054
704006,2055
704007,2056
704008,2057
704009,2058
704010,2059
704011,2060
704012,2061
704013,2062
704014,2063
704015,2064
704018,2065
704020,2066
704021,2067
704028,2068
704033,2069
704035,2070
704036,2071
704039,2072
704052,2073
704053,2074
704062,2075
704063,2076
704064,2077
704065,2078
704066,2079
704067,2080
704068,2081
704069,2082
704071,2083
704073,2084
704074,2085
704075,2086
704076,2087
704077,2088
704078,2089
704079,2090
704080,2091
704081,2092
704082,2093
704083,2094
704084,2095
704085,2096
704086,2097
704087,2098
704088,2099
704089,2100
704090,2101
704091,2102
704092,2103
704093,2104
704094,2105
704095,2106
704096,2107
704097,2108
704098,2109
704099,2110
704101,2111
704102,2112
704103,2113
704104,2114
704105,2115
704106,2116
704107,2117
704108,2118
704109,2119
704110,2120
704111,2121
704112,2122
704113,2123
704114,2124
704115,2125
704116,2126
704117,2127
704118,2128
704119,2129
704120,2130
704121,2131
704122,2132
704123,2133
704124,2134
704125,2135
704126,2136
704127,2137
704128,2138
704129,2139
704130,2140
704133,2141
704134,2142
704138,2143
704139,2144
704140,2145
704141,2146
704142,2147
704143,2148
704144,2149
704145,2150
704146,2151
704147,2152
704149,2153
704150,2154
704151,2155
704159,2156
704160,2157
704161,2158
704163,2159
704166,2160
704168,2161
704170,2162
704175,2163
704179,2164
704180,2165
704181,2166
704182,2167
704183,2168
704184,2169
704185,2170
704186,2171
704187,2172
704188,2173
704189,2174
704190,2175
704191,2176
704192,2177
704193,2178
704194,2179
704195,2180
704196,2181
704197,2182
704198,2183
704199,2184
704200,2185
704201,2186
704202,2187
704203,2188
704204,2189
704205,2190
704206,2191
704207,2192
704208,2193
704209,2194
704210,2195
704211,2196
704212,2197
704213,2198
704214,2199
704215,2200
704217,2201
704218,2202
704221,2203
704222,2204
704224,2205
704226,2206
704227,2207
704228,2208
704229,2209
704231,2210
704232,2211
704233,2212
704234,2213
704235,2214
704236,2215
704237,2216
704238,2217
704239,2218
704240,2219
716215,2220
716216,2221
716217,2222
716219,2223
716220,2224
716222,2225
716223,2226
716237,2227
716238,2228
716239,2229
716240,2230
716241,2231
716242,2232
716244,2233
716245,2234
716246,2235
716247,2236
716248,2237
716249,2238
716250,2239
716251,2240
716252,2241
716253,2242
716254,2243
716255,2244
716256,2245
716257,2246
716258,2247
716259,2248
716260,2249
716261,2250
716262,2251
716263,2252
716265,2253
716266,2254
716267,2255
716268,2256
716269,2257
716270,2258
716271,2259
716272,2260
716273,2261
716274,2262
716275,2263
716276,2264
716277,2265
716278,2266
716280,2267
716281,2268
716282,2269
716283,2270
716284,2271
716285,2272
716286,2273
716287,2274
716288,2275
716289,2276
716290,2277
716291,2278
716292,2279
716293,2280
716294,2281
716295,2282
716296,2283
716297,2284
716298,2285
716299,2286
716300,2287
716301,2288
716302,2289
716303,2290
716304,2291
716305,2292
716306,2293
716307,2294
716308,2295
716310,2296
716311,2297
716312,2298
716313,2299
716314,2300
716315,2301
716317,2302
716318,2303
716319,2304
716320,2305
716321,2306
716322,2307
716324,2308
716325,2309
716326,2310
716327,2311
716328,2312
716329,2313
716330,2314
716332,2315
716333,2316
716334,2317
716335,2318
716336,2319
716337,2320
716338,2321
716340,2322
716341,2323
716342,2324
716343,2325
716344,2326
716345,2327
716346,2328
716347,2329
716348,2330
716351,2331
716352,2332
716353,2333
716355,2334
716356,2335
716358,2336
716359,2337
716360,2338
716361,2339
716362,2340
716363,2341
716364,2342
716365,2343
716367,2344
716368,2345
716370,2346
716371,2347
716372,2348
716373,2349
716375,2350
716377,2351
716378,2352
716379,2353
716380,2354
716383,2355
716384,2356
716385,2357
716431,2358
716432,2359
716433,2360
716434,2361
716435,2362
716436,2363
716437,2364
716438,2365
716439,2366
716440,2367
716441,2368
716442,2369
716443,2370
716444,2371
716445,2372
716446,2373
716447,2374
716448,2375
716449,2376
716450,2377
716455,2378
716635,2379
716636,2380
716637,2381
716638,2382
716639,2383
716640,2384
716641,2385
716642,2386
716643,2387
716644,2388
716645,2389
716646,2390
716647,2391
716648,2392
716649,2393
716650,2394
716651,2395
716652,2396
716653,2397
716654,2398
716655,2399
716656,2400
716657,2401
716658,2402
716659,2403
716660,2404
716661,2405
716662,2406
716663,2407
716664,2408
716665,2409
716666,2410
716667,2411
716668,2412
716669,2413
716670,2414
716671,2415
716672,2416
716673,2417
716674,2418
716676,2419
716678,2420
716679,2421
716680,2422
716681,2423
716682,2424
716683,2425
716684,2426
716686,2427
716688,2428
716689,2429
716690,2430
716692,2431
716693,2432
716694,2433
716695,2434
716696,2435
716697,2436
716698,2437
716699,2438
716700,2439
716701,2440
716703,2441
716704,2442
716705,2443
716706,2444
716707,2445
716708,2446
716709,2447
716711,2448
716712,2449
716714,2450
716715,2451
716716,2452
716717,2453
716720,2454
716721,2455
716722,2456
716723,2457
716724,2458
716725,2459
716726,2460
716727,2461
716728,2462
716729,2463
716730,2464
716732,2465
716733,2466
716734,2467
716735,2468
716736,2469
716737,2470
716738,2471
716740,2472
716741,2473
716742,2474
716743,2475
716744,2476
716745,2477
716746,2478
716747,2479
716748,2480
716749,2481
716750,2482
716751,2483
716752,2484
716753,2485
716754,2486
716755,2487
716756,2488
716757,2489
716758,2490
716759,2491
716760,2492
716761,2493
716762,2494
716763,2495
716765,2496
716766,2497
716767,2498
716768,2499
716769,2500
716770,2501
716771,2502
716772,2503
716773,2504
716775,2505
716776,2506
716777,2507
716778,2508
716779,2509
716780,2510
716781,2511
716782,2512
716783,2513
716784,2514
716785,2515
716787,2516
716788,2517
716789,2518
716790,2519
716791,2520
716792,2521
716793,2522
716794,2523
716795,2524
716796,2525
716798,2526
716800,2527
716802,2528
716803,2529
716804,2530
716807,2531
716808,2532
716809,2533
716810,2534
716811,2535
716812,2536
716813,2537
716814,2538
716815,2539
716816,2540
716818,2541
716822,2542
716824,2543
716825,2544
716827,2545
716828,2546
716829,2547
716830,2548
716831,2549
716832,2550
716833,2551
716834,2552
716835,2553
716836,2554
716837,2555
716838,2556
716841,2557
716843,2558
716844,2559
716846,2560
716847,2561
716848,2562
716849,2563
716851,2564
716853,2565
716854,2566
716856,2567
716858,2568
716859,2569
716860,2570
716861,2571
716862,2572
716863,2573
716864,2574
716865,2575
716866,2576
716867,2577
716868,2578
716869,2579
716870,2580
716871,2581
716872,2582
716873,2583
716874,2584
716875,2585
716876,2586
716877,2587
716878,2588
716879,2589
716880,2590
716881,2591
716882,2592
716883,2593
716884,2594
716885,2595
716886,2596
716887,2597
716888,2598
716889,2599
716890,2600
716891,2601
716892,2602
716893,2603
716894,2604
716895,2605
716896,2606
716897,2607
716898,2608
716899,2609
716900,2610
716901,2611
716902,2612
716903,2613
716904,2614
716905,2615
716906,2616
716907,2617
716908,2618
716909,2619
716910,2620
716911,2621
716912,2622
716913,2623
716914,2624
716921,2625
716922,2626
716928,2627
716929,2628
716930,2629
716931,2630
716932,2631
716933,2632
716934,2633
716936,2634
716940,2635
716941,2636
716942,2637
716943,2638
716945,2639
716950,2640
716951,2641
716952,2642
716953,2643
716955,2644
716956,2645
716958,2646
716959,2647
716960,2648
716961,2649
716962,2650
716966,2651
716967,2652
716968,2653
716969,2654
716970,2655
716971,2656
716972,2657
716973,2658
716974,2659
716975,2660
716976,2661
716977,2662
716978,2663
716979,2664
716980,2665
716981,2666
716982,2667
716983,2668
716984,2669
716985,2670
716986,2671
716988,2672
716989,2673
716990,2674
716992,2675
716993,2676
716994,2677
716995,2678
717013,2679
717014,2680
717015,2681
717016,2682
717017,2683
729671,2684
729673,2685
729674,2686
729676,2687
729677,2688
729678,2689
729680,2690
729682,2691
729683,2692
729779,2693
729780,2694
729781,2695
729782,2696
729783,2697
729784,2698
729785,2699
729786,2700
729787,2701
729788,2702
729789,2703
729790,2704
729791,2705
729792,2706
729793,2707
729794,2708
729795,2709
729796,2710
729797,2711
729798,2712
729800,2713
729801,2714
729802,2715
729804,2716
729807,2717
729809,2718
729810,2719
729812,2720
729813,2721
729815,2722
729816,2723
729817,2724
729818,2725
729819,2726
729821,2727
729822,2728
729823,2729
729825,2730
729826,2731
729827,2732
729828,2733
729829,2734
729830,2735
729834,2736
729841,2737
729842,2738
729844,2739
730006,2740
730007,2741
730008,2742
730010,2743
730011,2744
730012,2745
730013,2746
730014,2747
730015,2748
730016,2749
730017,2750
730018,2751
730019,2752
730020,2753
730021,2754
730022,2755
730023,2756
730024,2757
730025,2758
730027,2759
730028,2760
730029,2761
730030,2762
730031,2763
730032,2764
730033,2765
730035,2766
730037,2767
730038,2768
730039,2769
730040,2770
730041,2771
730042,2772
730043,2773
730044,2774
730045,2775
730046,2776
730047,2777
730048,2778
730049,2779
730050,2780
730051,2781
730052,2782
730053,2783
730054,2784
730057,2785
730059,2786
730060,2787
730061,2788
730062,2789
730063,2790
730064,2791
730065,2792
730066,2793
730067,2794
730068,2795
730069,2796
730070,2797
730071,2798
730072,2799
730073,2800
730074,2801
730075,2802
730076,2803
730077,2804
730078,2805
730079,2806
730080,2807
730081,2808
730082,2809
730083,2810
730084,2811
730085,2812
730086,2813
730087,2814
730088,2815
730089,2816
730090,2817
730091,2818
730092,2819
730093,2820
730094,2821
730095,2822
730096,2823
730097,2824
730098,2825
730099,2826
730100,2827
730101,2828
730102,2829
730103,2830
730104,2831
730105,2832
730106,2833
730107,2834
730108,2835
730109,2836
730110,2837
730111,2838
730112,2839
730113,2840
730114,2841
730115,2842
730116,2843
730117,2844
730118,2845
730120,2846
730121,2847
730122,2848
730123,2849
730124,2850
730125,2851
730126,2852
730127,2853
730130,2854
730132,2855
730133,2856
730134,2857
730135,2858
768330,2859
768331,2860
768332,2861
768333,2862
768334,2863
768335,2864
768336,2865
768337,2866
768338,2867
768339,2868
768340,2869
768341,2870
768343,2871
768344,2872
768345,2873
768346,2874
768348,2875
768349,2876
768351,2877
768376,2878
768377,2879
768378,2880
768379,2881
768380,2882
768381,2883
768382,2884
768383,2885
768391,2886
768393,2887
768394,2888
768395,2889
768396,2890
768397,2891
768398,2892
768399,2893
768400,2894
768401,2895
768402,2896
768403,2897
768404,2898
768405,2899
768406,2900
768407,2901
768408,2902
768409,2903
768410,2904
768411,2905
768412,2906
768413,2907
768414,2908
768415,2909
768416,2910
768417,2911
768418,2912
768419,2913
768420,2914
768421,2915
768422,2916
768424,2917
768425,2918
768427,2919
768428,2920
768429,2921
768430,2922
768431,2923
768433,2924
768434,2925
768435,2926
768436,2927
768439,2928
768440,2929
768441,2930
768442,2931
768443,2932
768444,2933
768445,2934
768447,2935
768448,2936
768449,2937
768450,2938
768451,2939
768452,2940
768455,2941
768456,2942
768458,2943
768460,2944
768462,2945
768463,2946
768464,2947
768465,2948
768466,2949
768467,2950
768468,2951
768469,2952
768470,2953
768472,2954
768473,2955
768474,2956
768475,2957
768476,2958
768477,2959
768478,2960
768479,2961
768480,2962
768481,2963
768482,2964
768484,2965
768485,2966
768486,2967
768487,2968
768488,2969
768489,2970
768490,2971
768491,2972
768492,2973
768493,2974
768496,2975
768499,2976
768505,2977
768506,2978
768507,2979
768508,2980
768509,2981
768510,2982
768511,2983
768514,2984
768515,2985
768516,2986
768517,2987
768518,2988
768519,2989
768521,2990
768522,2991
768524,2992
768525,2993
768527,2994
768528,2995
768529,2996
768530,2997
768531,2998
768532,2999
768533,3000
768534,3001
768535,3002
768536,3003
768537,3004
768538,3005
768539,3006
768541,3007
768542,3008
768543,3009
768544,3010
768545,3011
768547,3012
768548,3013
768549,3014
768550,3015
768551,3016
768552,3017
768553,3018
768554,3019
768555,3020
768556,3021
768558,3022
768559,3023
768560,3024
768561,3025
768562,3026
768564,3027
768565,3028
768566,3029
768567,3030
768568,3031
768569,3032
768570,3033
768571,3034
768572,3035
768573,3036
768574,3037
768575,3038
768576,3039
768579,3040
768580,3041
768581,3042
768582,3043
768583,3044
768584,3045
768586,3046
768587,3047
768588,3048
768589,3049
768590,3050
768591,3051
768592,3052
768593,3053
768594,3054
768595,3055
768596,3056
768597,3057
768598,3058
768599,3059
768600,3060
768601,3061
768602,3062
768604,3063
768605,3064
768606,3065
768607,3066
768608,3067
768609,3068
768610,3069
768611,3070
768612,3071
768613,3072
768614,3073
768615,3074
768616,3075
768617,3076
768618,3077
768619,3078
768620,3079
768621,3080
768623,3081
768624,3082
768626,3083
768627,3084
768628,3085
768630,3086
768632,3087
768634,3088
768638,3089
768639,3090
768640,3091
768641,3092
768642,3093
768643,3094
768644,3095
768645,3096
768646,3097
768647,3098
768648,3099
768649,3100
768650,3101
768651,3102
768652,3103
768653,3104
768654,3105
768655,3106
768656,3107
768657,3108
768658,3109
768659,3110
768662,3111
768663,3112
768664,3113
768668,3114
768669,3115
768771,3116
768772,3117
768773,3118
768774,3119
768775,3120
768776,3121
768777,3122
768778,3123
768779,3124
768780,3125
768783,3126
768785,3127
768786,3128
768787,3129
768788,3130
772698,3131
772699,3132
772700,3133
772701,3134
772702,3135
772703,3136
772704,3137
772705,3138
772725,3139
772727,3140
772728,3141
772729,3142
772733,3143
772734,3144
772735,3145
772736,3146
772737,3147
772738,3148
772739,3149
772987,3150
772988,3151
772989,3152
772990,3153
772991,3154
772992,3155
772993,3156
772994,3157
772995,3158
772997,3159
772998,3160
772999,3161
773001,3162
773002,3163
773008,3164
773009,3165
773010,3166
773011,3167
773012,3168
773013,3169
773014,3170
773015,3171
773016,3172
773017,3173
773018,3174
773019,3175
773020,3176
773021,3177
773022,3178
773023,3179
773024,3180
773025,3181
773026,3182
773027,3183
773028,3184
773029,3185
773030,3186
773031,3187
773032,3188
773033,3189
773034,3190
773035,3191
773036,3192
773037,3193
773038,3194
773039,3195
773040,3196
773041,3197
773042,3198
773043,3199
773044,3200
773045,3201
773046,3202
773047,3203
773048,3204
773049,3205
773050,3206
773051,3207
773053,3208
773054,3209
773055,3210
773056,3211
773057,3212
773058,3213
773059,3214
773060,3215
773061,3216
773062,3217
773063,3218
773064,3219
773065,3220
773066,3221
773067,3222
773068,3223
773069,3224
773070,3225
773071,3226
773072,3227
773073,3228
773074,3229
773075,3230
773076,3231
773077,3232
773078,3233
773079,3234
773080,3235
773081,3236
773082,3237
773083,3238
773084,3239
773085,3240
773086,3241
773087,3242
773088,3243
773089,3244
773090,3245
773091,3246
773092,3247
773093,3248
773095,3249
773096,3250
773097,3251
773098,3252
773099,3253
773100,3254
773101,3255
773102,3256
773103,3257
773104,3258
773105,3259
773106,3260
773107,3261
773108,3262
773110,3263
773111,3264
773112,3265
773113,3266
773114,3267
773115,3268
773116,3269
773117,3270
773118,3271
773119,3272
773120,3273
773121,3274
773122,3275
773123,3276
773124,3277
773125,3278
773126,3279
773127,3280
773128,3281
773129,3282
773130,3283
773131,3284
773132,3285
773133,3286
773134,3287
773135,3288
773136,3289
773137,3290
773138,3291
773139,3292
773140,3293
773141,3294
773142,3295
773143,3296
773144,3297
773145,3298
773146,3299
773147,3300
773148,3301
773149,3302
773150,3303
773151,3304
773152,3305
773153,3306
773154,3307
773155,3308
773156,3309
773157,3310
773159,3311
773160,3312
773161,3313
773162,3314
773163,3315
773164,3316
773165,3317
773166,3318
773167,3319
773168,3320
773169,3321
773170,3322
773171,3323
773172,3324
773173,3325
773174,3326
773175,3327
773176,3328
773177,3329
773178,3330
773179,3331
773180,3332
773181,3333
773182,3334
773183,3335
773184,3336
773185,3337
773186,3338
773187,3339
773188,3340
773189,3341
773190,3342
773191,3343
773192,3344
773193,3345
773194,3346
773195,3347
773196,3348
773197,3349
773198,3350
773199,3351
773200,3352
773201,3353
773202,3354
773203,3355
773204,3356
773234,3357
773235,3358
773236,3359
773238,3360
773239,3361
773240,3362
773241,3363
773242,3364
773243,3365
773244,3366
773246,3367
773247,3368
773248,3369
773251,3370
773252,3371
773255,3372
773256,3373
773257,3374
773258,3375
773259,3376
773260,3377
773261,3378
773262,3379
773264,3380
773265,3381
773266,3382
773267,3383
773268,3384
773269,3385
773271,3386
773272,3387
773273,3388
773275,3389
773278,3390
773279,3391
773280,3392
773281,3393
773282,3394
773283,3395
773284,3396
773285,3397
773286,3398
773287,3399
773288,3400
773289,3401
773290,3402
773291,3403
773292,3404
773293,3405
773294,3406
773295,3407
773296,3408
773297,3409
773298,3410
773300,3411
773301,3412
773302,3413
773303,3414
773304,3415
773305,3416
773306,3417
773307,3418
773309,3419
773310,3420
773311,3421
773312,3422
773313,3423
773314,3424
773315,3425
773316,3426
773317,3427
773318,3428
773319,3429
773320,3430
773321,3431
773322,3432
773323,3433
773324,3434
773325,3435
773326,3436
773327,3437
773328,3438
773329,3439
773330,3440
773331,3441
773332,3442
773333,3443
773334,3444
773335,3445
773336,3446
773337,3447
773338,3448
773339,3449
773340,3450
773341,3451
773342,3452
773343,3453
773344,3454
773345,3455
773346,3456
773347,3457
773349,3458
773350,3459
773351,3460
773352,3461
773353,3462
773354,3463
773355,3464
773356,3465
773357,3466
773358,3467
773359,3468
773360,3469
773361,3470
773362,3471
773363,3472
773364,3473
773365,3474
773366,3475
773367,3476
773368,3477
773369,3478
773371,3479
773372,3480
773373,3481
773374,3482
773375,3483
773376,3484
773377,3485
773378,3486
773379,3487
773382,3488
773383,3489
773384,3490
773385,3491
773386,3492
773387,3493
773388,3494
773389,3495
773390,3496
773391,3497
773393,3498
773395,3499
773396,3500
773397,3501
773398,3502
773399,3503
773400,3504
773401,3505
773402,3506
773404,3507
773405,3508
773406,3509
773407,3510
773408,3511
773409,3512
773410,3513
773411,3514
773412,3515
773413,3516
773414,3517
773415,3518
773416,3519
773417,3520
773418,3521
773419,3522
773420,3523
773421,3524
773422,3525
773423,3526
773425,3527
773426,3528
773427,3529
773428,3530
773429,3531
773430,3532
773431,3533
773432,3534
773433,3535
773434,3536
773435,3537
773437,3538
773444,3539
773445,3540
773451,3541
773452,3542
773453,3543
773455,3544
773456,3545
773457,3546
773458,3547
773459,3548
773460,3549
773461,3550
773462,3551
773463,3552
773464,3553
773465,3554
773467,3555
773468,3556
773469,3557
773470,3558
773471,3559
773472,3560
779071,3561
779072,3562
779075,3563
779076,3564
779078,3565
779080,3566
779088,3567
779089,3568
779259,3569
779260,3570
779261,3571
779262,3572
779263,3573
779264,3574
779265,3575
779266,3576
779267,3577
779268,3578
779269,3579
779271,3580
779274,3581
779275,3582
779276,3583
779277,3584
779278,3585
779279,3586
779280,3587
779281,3588
779282,3589
779283,3590
779331,3591
779332,3592
779333,3593
779334,3594
779335,3595
779336,3596
779337,3597
779339,3598
779341,3599
779342,3600
779343,3601
779344,3602
779345,3603
779346,3604
779347,3605
779348,3606
779349,3607
779351,3608
779352,3609
779353,3610
779354,3611
779355,3612
779356,3613
779357,3614
779358,3615
779359,3616
779360,3617
779361,3618
779362,3619
779363,3620
779364,3621
779365,3622
779366,3623
779368,3624
779369,3625
779370,3626
779371,3627
779372,3628
779374,3629
779375,3630
779376,3631
779377,3632
779378,3633
779379,3634
779380,3635
779381,3636
779382,3637
779383,3638
779384,3639
779385,3640
779386,3641
779387,3642
779388,3643
779389,3644
779390,3645
779391,3646
779392,3647
779393,3648
779394,3649
779395,3650
779396,3651
779397,3652
779398,3653
779399,3654
779400,3655
779401,3656
779402,3657
779404,3658
779405,3659
779406,3660
779407,3661
779408,3662
779409,3663
779410,3664
779411,3665
779412,3666
779413,3667
779414,3668
779415,3669
779416,3670
779417,3671
779418,3672
779420,3673
779421,3674
779422,3675
779424,3676
779426,3677
779427,3678
779428,3679
779429,3680
779430,3681
779431,3682
779433,3683
779435,3684
779436,3685
779437,3686
779438,3687
779439,3688
779440,3689
779441,3690
779442,3691
779445,3692
779447,3693
779449,3694
779450,3695
779451,3696
779452,3697
779456,3698
779459,3699
779460,3700
779461,3701
779462,3702
779463,3703
779464,3704
779465,3705
779466,3706
779467,3707
779474,3708
779475,3709
779476,3710
779477,3711
779478,3712
779479,3713
779481,3714
779482,3715
779483,3716
779487,3717
779488,3718
779489,3719
779490,3720
779491,3721
779492,3722
779493,3723
779494,3724
779495,3725
779496,3726
779497,3727
779498,3728
779499,3729
779500,3730
779501,3731
779502,3732
779503,3733
779504,3734
779505,3735
779506,3736
779507,3737
779508,3738
779509,3739
779510,3740
779511,3741
779512,3742
779513,3743
779514,3744
779515,3745
779516,3746
779517,3747
779518,3748
779521,3749
779522,3750
779523,3751
779524,3752
779525,3753
779526,3754
779527,3755
779529,3756
779530,3757
779532,3758
779533,3759
779534,3760
779536,3761
779538,3762
779539,3763
779540,3764
779545,3765
779546,3766
779548,3767
779549,3768
779550,3769
779551,3770
779552,3771
779553,3772
779554,3773
779555,3774
779556,3775
779557,3776
779567,3777
779568,3778
779569,3779
779570,3780
779571,3781
779575,3782
779580,3783
779581,3784
779582,3785
779583,3786
779584,3787
779585,3788
779586,3789
779587,3790
779590,3791
779593,3792
779595,3793
779607,3794
779608,3795
779609,3796
779610,3797
779612,3798
779613,3799
779614,3800
779615,3801
779616,3802
779617,3803
779619,3804
779620,3805
779621,3806
779623,3807
779624,3808
779625,3809
779626,3810
779628,3811
779629,3812
779630,3813
779631,3814
779632,3815
779633,3816
779634,3817
779635,3818
779636,3819
779637,3820
779638,3821
779639,3822
779640,3823
779641,3824
779642,3825
779643,3826
779644,3827
779645,3828
779647,3829
779648,3830
779649,3831
779650,3832
779651,3833
779652,3834
779653,3835
779654,3836
779655,3837
779656,3838
779657,3839
779658,3840
779659,3841
779663,3842
779664,3843
779665,3844
779668,3845
779670,3846
779671,3847
779672,3848
779673,3849
779674,3850
779675,3851
779676,3852
779677,3853
779678,3854
779679,3855
779682,3856
779683,3857
779684,3858
779685,3859
779686,3860
779687,3861
779688,3862
779689,3863
779690,3864
779691,3865
779692,3866
779693,3867
779694,3868
779695,3869
779696,3870
779697,3871
779699,3872
779700,3873
779701,3874
779702,3875
779703,3876
779704,3877
779705,3878
779706,3879
779707,3880
779708,3881
779709,3882
779710,3883
779711,3884
779712,3885
779713,3886
779714,3887
779715,3888
779716,3889
779717,3890
779718,3891
779719,3892
779720,3893
779721,3894
779722,3895
779723,3896
779724,3897
779725,3898
779726,3899
779727,3900
779728,3901
779729,3902
779730,3903
779731,3904
779732,3905
779734,3906
779735,3907
779736,3908
779737,3909
779738,3910
779741,3911
779744,3912
779745,3913
779746,3914
779747,3915
779748,3916
779749,3917
779750,3918
779751,3919
779752,3920
779753,3921
779754,3922
779755,3923
779758,3924
779761,3925
779762,3926
779763,3927
779764,3928
779765,3929
779767,3930
779769,3931
779770,3932
779773,3933
779774,3934
779775,3935
779776,3936
779777,3937
779778,3938
779779,3939
779780,3940
779781,3941
779782,3942
779783,3943
779784,3944
779785,3945
779786,3946
779787,3947
779790,3948
779797,3949
779798,3950
779799,3951
779805,3952
779809,3953
779810,3954
779811,3955
779812,3956
779813,3957
779814,3958
779816,3959
779817,3960
779819,3961
779820,3962
779821,3963
779822,3964
779825,3965
779826,3966
779829,3967
779830,3968
779831,3969
779832,3970
779833,3971
779834,3972
779839,3973
779840,3974
790732,3975
790737,3976
790738,3977
790739,3978
790740,3979
790808,3980
790809,3981
790810,3982
790811,3983
790812,3984
790813,3985
790814,3986
790815,3987
790816,3988
790818,3989
790819,3990
790820,3991
790821,3992
790822,3993
790823,3994
790824,3995
790825,3996
790827,3997
790828,3998
790829,3999
790830,4000
790831,4001
790832,4002
790833,4003
790834,4004
790835,4005
790836,4006
790837,4007
790838,4008
790839,4009
790841,4010
790842,4011
790843,4012
790844,4013
790845,4014
790846,4015
790847,4016
790848,4017
790849,4018
790850,4019
790853,4020
790854,4021
790855,4022
790856,4023
790861,4024
790862,4025
790863,4026
790866,4027
790868,4028
790869,4029
790870,4030
790871,4031
790872,4032
790873,4033
790874,4034
790875,4035
790877,4036
790878,4037
790879,4038
790880,4039
790881,4040
790882,4041
790884,4042
790885,4043
790886,4044
790887,4045
790888,4046
790890,4047
790891,4048
790892,4049
790893,4050
790894,4051
790895,4052
790896,4053
790897,4054
790899,4055
790900,4056
790901,4057
790903,4058
790904,4059
790905,4060
790907,4061
790908,4062
790921,4063
790922,4064
790923,4065
790924,4066
790926,4067
790927,4068
790932,4069
790933,4070
790934,4071
790936,4072
790937,4073
790938,4074
790939,4075
790940,4076
790941,4077
798617,4078
798618,4079
798620,4080
798622,4081
798625,4082
798626,4083
798627,4084
798628,4085
798633,4086
798635,4087
798636,4088
798637,4089
798638,4090
798668,4091
798669,4092
798670,4093
798671,4094
798672,4095
798673,4096
798674,4097
798675,4098
798676,4099
798677,4100
798678,4101
798680,4102
798681,4103
798682,4104
798683,4105
798685,4106
798686,4107
798687,4108
798688,4109
798689,4110
798690,4111
798691,4112
798692,4113
798693,4114
798694,4115
798726,4116
798727,4117
798728,4118
798730,4119
798731,4120
798732,4121
798733,4122
798734,4123
798735,4124
798736,4125
798737,4126
798738,4127
798739,4128
798740,4129
798741,4130
798742,4131
798743,4132
798745,4133
798746,4134
798747,4135
798748,4136
798749,4137
798750,4138
798752,4139
798753,4140
798754,4141
798755,4142
798756,4143
798757,4144
798758,4145
798760,4146
798761,4147
798762,4148
798763,4149
798764,4150
798765,4151
798766,4152
798767,4153
798768,4154
798769,4155
798770,4156
798772,4157
798773,4158
798775,4159
798776,4160
798777,4161
798778,4162
798779,4163
798780,4164
798781,4165
798782,4166
798783,4167
798786,4168
798787,4169
798788,4170
798789,4171
798792,4172
798793,4173
798794,4174
798797,4175
798798,4176
798799,4177
798802,4178
798803,4179
798804,4180
798805,4181
798806,4182
798808,4183
798811,4184
798815,4185
798816,4186
798817,4187
798818,4188
798820,4189
798823,4190
798830,4191
798831,4192
798832,4193
798833,4194
798834,4195
798835,4196
813701,4197
813702,4198
813703,4199
813704,4200
813706,4201
813707,4202
813708,4203
813709,4204
813710,4205
813711,4206
813929,4207
813931,4208
813932,4209
813933,4210
813935,4211
813936,4212
813937,4213
813939,4214
813940,4215
813941,4216
813943,4217
813944,4218
813945,4219
813946,4220
813947,4221
813948,4222
813949,4223
813950,4224
813951,4225
813952,4226
813953,4227
813954,4228
813955,4229
813956,4230
813958,4231
813959,4232
813960,4233
813961,4234
813962,4235
813963,4236
813964,4237
813965,4238
813966,4239
813967,4240
813968,4241
813969,4242
813971,4243
813972,4244
813973,4245
813974,4246
813975,4247
813976,4248
813977,4249
813978,4250
813979,4251
813980,4252
813981,4253
813982,4254
813983,4255
813984,4256
813985,4257
813986,4258
813987,4259
813988,4260
813989,4261
813990,4262
813991,4263
813992,4264
813993,4265
813994,4266
813995,4267
813996,4268
813997,4269
813998,4270
813999,4271
814000,4272
814001,4273
814002,4274
814003,4275
814004,4276
814005,4277
814006,4278
814007,4279
814008,4280
814009,4281
814010,4282
814011,4283
814012,4284
814013,4285
814014,4286
814015,4287
814016,4288
814017,4289
814018,4290
814019,4291
814020,4292
814021,4293
814022,4294
814023,4295
814024,4296
814025,4297
814026,4298
814027,4299
814028,4300
814029,4301
814030,4302
814032,4303
814033,4304
814034,4305
814035,4306
814036,4307
814037,4308
814038,4309
814039,4310
814040,4311
814041,4312
814042,4313
814043,4314
814044,4315
814045,4316
814046,4317
814047,4318
814048,4319
814049,4320
814050,4321
814051,4322
814052,4323
814053,4324
814054,4325
814055,4326
814056,4327
814058,4328
814060,4329
814061,4330
814062,4331
814064,4332
814065,4333
814066,4334
814067,4335
814069,4336
814070,4337
814071,4338
814072,4339
814073,4340
814074,4341
814075,4342
814076,4343
814077,4344
814078,4345
814079,4346
814080,4347
814082,4348
814083,4349
814084,4350
814086,4351
814087,4352
814088,4353
814089,4354
814090,4355
814091,4356
814092,4357
814093,4358
814094,4359
814095,4360
814096,4361
814097,4362
814098,4363
814099,4364
814100,4365
814101,4366
814102,4367
814103,4368
814104,4369
814105,4370
814106,4371
814107,4372
814109,4373
814110,4374
814111,4375
814112,4376
814114,4377
814115,4378
814116,4379
814117,4380
814118,4381
814119,4382
814120,4383
814121,4384
814122,4385
814123,4386
814124,4387
814125,4388
814126,4389
814127,4390
814128,4391
814129,4392
814131,4393
814132,4394
814133,4395
814134,4396
814136,4397
814137,4398
814138,4399
814139,4400
814140,4401
814141,4402
814142,4403
814143,4404
814144,4405
814145,4406
814146,4407
814147,4408
814148,4409
814149,4410
814150,4411
814151,4412
814152,4413
814153,4414
814154,4415
814155,4416
814157,4417
814158,4418
814159,4419
814160,4420
814161,4421
814162,4422
814163,4423
814166,4424
814167,4425
814168,4426
814169,4427
814170,4428
814171,4429
814172,4430
814173,4431
814174,4432
814175,4433
814176,4434
814177,4435
814178,4436
814179,4437
814180,4438
814181,4439
814182,4440
814183,4441
814184,4442
814185,4443
814186,4444
814187,4445
814188,4446
814189,4447
814191,4448
814192,4449
814193,4450
814195,4451
814196,4452
814198,4453
814199,4454
814200,4455
814201,4456
814202,4457
814203,4458
814204,4459
814205,4460
814206,4461
814208,4462
814210,4463
814211,4464
814212,4465
814213,4466
814215,4467
814216,4468
814217,4469
814218,4470
814219,4471
814220,4472
814221,4473
814222,4474
814278,4475
814279,4476
814280,4477
814281,4478
814282,4479
814283,4480
814284,4481
814285,4482
814286,4483
814287,4484
814288,4485
814289,4486
814290,4487
814291,4488
814292,4489
814293,4490
814294,4491
814295,4492
814296,4493
814297,4494
814298,4495
814299,4496
814300,4497
814301,4498
814302,4499
814303,4500
814304,4501
814305,4502
814306,4503
814307,4504
814308,4505
814309,4506
814310,4507
814311,4508
814312,4509
814313,4510
814314,4511
814315,4512
814316,4513
814317,4514
814318,4515
814319,4516
814320,4517
814321,4518
814322,4519
814323,4520
832565,4521
832566,4522
832567,4523
832568,4524
832569,4525
832637,4526
832638,4527
832639,4528
832641,4529
832642,4530
832643,4531
832644,4532
832649,4533
832651,4534
832654,4535
832655,4536
832656,4537
832657,4538
832658,4539
832659,4540
832660,4541
832661,4542
832662,4543
832663,4544
832664,4545
832665,4546
832666,4547
832667,4548
832668,4549
832669,4550
832670,4551
832671,4552
832672,4553
832673,4554
832674,4555
832675,4556
832676,4557
832679,4558
832680,4559
832682,4560
832685,4561
832687,4562
832691,4563
832692,4564
832694,4565
832695,4566
832700,4567
832701,4568
832704,4569
832706,4570
832708,4571
832709,4572
832711,4573
832712,4574
832713,4575
832715,4576
832716,4577
832717,4578
832718,4579
832725,4580
832726,4581
832727,4582
832728,4583
832729,4584
832730,4585
832732,4586
832733,4587
832734,4588
832735,4589
832736,4590
832737,4591
832738,4592
832739,4593
832740,4594
832741,4595
832742,4596
832743,4597
832744,4598
832745,4599
832746,4600
832747,4601
832748,4602
832749,4603
832750,4604
832751,4605
832752,4606
832753,4607
832754,4608
832755,4609
832756,4610
832757,4611
832758,4612
832760,4613
832761,4614
832762,4615
832763,4616
832775,4617
832776,4618
832777,4619
832779,4620
832780,4621
832781,4622
832782,4623
832783,4624
832784,4625
877011,4626
877012,4627
877015,4628
877023,4629
877025,4630
877026,4631
877028,4632
877029,4633
877030,4634
877031,4635
877032,4636
877033,4637
877034,4638
877035,4639
877036,4640
877037,4641
877038,4642
877039,4643
877040,4644
877041,4645
877042,4646
877043,4647
877044,4648
877045,4649
877046,4650
877047,4651
877048,4652
877049,4653
877050,4654
877051,4655
877052,4656
877053,4657
877054,4658
877055,4659
877056,4660
877057,4661
877058,4662
877059,4663
877060,4664
877061,4665
877062,4666
877063,4667
877064,4668
877065,4669
877066,4670
877067,4671
877068,4672
877069,4673
877070,4674
877071,4675
877072,4676
877073,4677
877074,4678
877075,4679
877076,4680
877077,4681
877078,4682
877079,4683
877080,4684
877081,4685
877082,4686
877084,4687
877085,4688
877086,4689
877087,4690
877088,4691
877089,4692
877090,4693
877091,4694
877092,4695
877093,4696
877094,4697
877095,4698
877096,4699
877098,4700
877099,4701
877100,4702
877128,4703
877129,4704
877132,4705
877134,4706
877135,4707
877138,4708
877140,4709
877142,4710
877145,4711
877151,4712
877152,4713
877155,4714
877156,4715
877157,4716
877158,4717
877162,4718
877168,4719
877180,4720
877182,4721
877184,4722
877186,4723
877187,4724
877190,4725
877196,4726
877197,4727
877198,4728
877199,4729
877203,4730
877210,4731
877211,4732
877214,4733
877215,4734
877216,4735
877217,4736
877218,4737
877219,4738
877220,4739
877221,4740
877222,4741
877223,4742
877224,4743
877225,4744
877227,4745
877228,4746
877229,4747
877230,4748
877231,4749
877234,4750
877236,4751
877237,4752
877240,4753
877241,4754
877242,4755
877244,4756
877245,4757
877246,4758
877247,4759
877248,4760
877253,4761
877255,4762
877256,4763
877259,4764
877260,4765
877261,4766
877263,4767
877265,4768
877266,4769
877379,4770
877380,4771
877381,4772
877383,4773
877384,4774
877385,4775
877386,4776
877387,4777
877392,4778
877394,4779
877395,4780
877396,4781
877397,4782
877399,4783
877402,4784
877403,4785
877404,4786
877420,4787
877421,4788
877422,4789
877423,4790
882537,4791
882545,4792
882547,4793
882549,4794
882550,4795
882551,4796
882552,4797
882553,4798
882554,4799
882555,4800
882556,4801
882558,4802
882559,4803
882560,4804
882561,4805
882562,4806
882563,4807
882564,4808
882565,4809
882566,4810
882567,4811
882569,4812
882570,4813
882571,4814
882573,4815
882575,4816
882577,4817
882578,4818
882579,4819
882580,4820
882581,4821
882582,4822
882584,4823
882587,4824
882588,4825
882589,4826
882590,4827
882591,4828
882592,4829
882593,4830
882594,4831
882595,4832
882596,4833
882597,4834
882598,4835
882599,4836
882600,4837
882601,4838
882602,4839
882603,4840
882605,4841
882606,4842
882608,4843
882609,4844
882610,4845
882611,4846
882616,4847
882617,4848
882618,4849
882619,4850
882620,4851
882621,4852
882622,4853
882623,4854
882624,4855
882625,4856
882626,4857
882628,4858
882629,4859
882630,4860
882631,4861
882632,4862
882633,4863
882634,4864
882635,4865
882636,4866
882638,4867
882639,4868
882642,4869
882643,4870
882644,4871
882645,4872
882646,4873
882647,4874
882648,4875
882649,4876
882650,4877
882651,4878
882652,4879
882653,4880
882654,4881
882655,4882
882656,4883
882657,4884
882658,4885
882659,4886
882660,4887
882661,4888
882662,4889
882663,4890
882664,4891
882665,4892
882666,4893
882667,4894
882668,4895
882669,4896
882670,4897
882671,4898
882672,4899
882673,4900
882674,4901
882675,4902
882676,4903
882677,4904
882678,4905
882679,4906
882680,4907
882681,4908
882682,4909
882683,4910
882684,4911
882685,4912
882686,4913
882687,4914
882688,4915
882689,4916
882699,4917
882701,4918
882703,4919
882704,4920
882705,4921
882707,4922
882708,4923
882709,4924
882711,4925
882712,4926
882713,4927
882714,4928
882715,4929
882716,4930
882717,4931
882718,4932
882719,4933
882720,4934
882721,4935
882722,4936
882723,4937
882724,4938
882899,4939
882900,4940
882903,4941
882907,4942
882912,4943
882913,4944
882914,4945
882916,4946
882917,4947
882919,4948
882921,4949
882922,4950
882923,4951
882924,4952
882925,4953
882926,4954
882931,4955
882932,4956
882936,4957
882937,4958
882940,4959
882941,4960
882942,4961
882943,4962
882945,4963
882946,4964
882947,4965
882951,4966
882952,4967
882953,4968
882955,4969
882956,4970
882959,4971
882966,4972
882969,4973
882970,4974
882971,4975
882974,4976
882975,4977
882976,4978
882979,4979
882980,4980
882981,4981
882982,4982
882984,4983
882985,4984
882986,4985
882987,4986
882988,4987
882989,4988
882990,4989
882992,4990
882993,4991
882995,4992
882996,4993
882998,4994
883002,4995
883016,4996
883017,4997
883018,4998
883023,4999
883024,5000
883025,5001
883026,5002
883027,5003
883029,5004
883036,5005
883037,5006
883038,5007
883040,5008
883041,5009
883042,5010
883043,5011
883045,5012
883046,5013
883047,5014
883048,5015
883049,5016
883050,5017
883053,5018
883054,5019
883055,5020
883056,5021
883057,5022
883058,5023
883059,5024
883060,5025
883061,5026
883062,5027
883063,5028
883064,5029
883065,5030
883066,5031
883067,5032
883068,5033
883069,5034
883071,5035
883072,5036
883073,5037
883075,5038
883076,5039
883077,5040
883079,5041
883081,5042
883082,5043
883083,5044
883084,5045
883085,5046
883087,5047
883088,5048
883089,5049
883090,5050
883091,5051
883092,5052
883142,5053
883143,5054
883144,5055
883145,5056
883147,5057
883148,5058
883149,5059
883150,5060
883151,5061
883152,5062
883153,5063
883154,5064
883155,5065
883156,5066
883157,5067
883158,5068
883159,5069
883160,5070
883161,5071
883162,5072
883163,5073
883164,5074
883165,5075
883166,5076
883167,5077
883168,5078
883169,5079
883170,5080
883171,5081
883172,5082
883173,5083
883174,5084
883175,5085
883176,5086
883177,5087
883178,5088
883179,5089
883180,5090
883181,5091
883182,5092
883183,5093
883184,5094
883185,5095
883186,5096
883187,5097
883189,5098
883191,5099
883192,5100
883193,5101
883194,5102
883195,5103
883204,5104
883209,5105
883217,5106
883218,5107
883220,5108
883222,5109
883224,5110
883226,5111
883227,5112
883233,5113
883236,5114
883237,5115
883238,5116
883244,5117
883246,5118
883247,5119
883248,5120
883250,5121
883251,5122
883252,5123
883256,5124
883259,5125
883260,5126
883261,5127
883262,5128
883263,5129
883264,5130
883265,5131
883266,5132
883268,5133
883269,5134
883271,5135
883272,5136
883273,5137
883274,5138
883275,5139
883276,5140
883277,5141
883278,5142
883279,5143
883280,5144
883281,5145
883282,5146
883283,5147
883284,5148
883285,5149
883286,5150
883287,5151
883288,5152
883289,5153
883290,5154
883291,5155
883292,5156
883294,5157
883295,5158
883299,5159
883301,5160
883302,5161
883303,5162
883304,5163
883306,5164
896938,5165
896939,5166
896941,5167
896943,5168
896945,5169
896948,5170
896950,5171
896951,5172
896952,5173
896956,5174
896957,5175
896958,5176
896959,5177
896960,5178
896961,5179
896962,5180
896963,5181
896964,5182
896965,5183
896966,5184
896967,5185
896968,5186
896969,5187
896970,5188
896971,5189
896972,5190
896973,5191
896974,5192
896975,5193
896976,5194
896978,5195
896980,5196
896981,5197
896982,5198
896983,5199
896984,5200
896985,5201
896987,5202
897048,5203
897049,5204
897050,5205
897051,5206
897052,5207
897053,5208
897054,5209
897055,5210
897056,5211
897057,5212
897058,5213
897059,5214
897060,5215
897061,5216
897062,5217
897063,5218
897064,5219
897065,5220
897066,5221
897067,5222
897068,5223
897069,5224
897070,5225
897071,5226
897072,5227
897073,5228
897074,5229
897075,5230
897076,5231
897077,5232
897078,5233
897079,5234
897080,5235
897081,5236
897082,5237
897083,5238
897084,5239
897085,5240
897086,5241
897087,5242
897088,5243
897089,5244
897094,5245
897095,5246
897100,5247
897101,5248
897105,5249
897109,5250
897110,5251
897112,5252
897115,5253
897120,5254
897121,5255
897131,5256
897137,5257
897141,5258
897143,5259
897144,5260
897145,5261
897146,5262
897147,5263
897148,5264
897149,5265
897150,5266
897151,5267
897152,5268
897153,5269
897154,5270
909013,5271
909014,5272
909015,5273
909016,5274
909018,5275
909019,5276
909020,5277
909022,5278
909030,5279
909031,5280
909032,5281
909033,5282
909034,5283
909035,5284
909036,5285
909037,5286
909038,5287
909039,5288
909040,5289
909041,5290
909042,5291
909043,5292
909044,5293
909045,5294
909048,5295
909049,5296
909050,5297
909051,5298
909052,5299
909053,5300
909054,5301
909055,5302
909056,5303
909057,5304
909058,5305
909059,5306
909060,5307
909061,5308
909062,5309
909063,5310
909064,5311
909065,5312
909066,5313
909067,5314
909068,5315
909069,5316
909070,5317
909071,5318
909073,5319
909074,5320
909075,5321
909076,5322
909077,5323
909078,5324
909079,5325
909080,5326
909081,5327
909082,5328
909083,5329
909085,5330
909086,5331
909087,5332
909088,5333
909089,5334
909090,5335
909091,5336
909092,5337
909093,5338
909094,5339
909095,5340
909096,5341
909097,5342
909098,5343
909099,5344
909100,5345
909101,5346
909102,5347
909229,5348
909230,5349
909231,5350
909232,5351
909233,5352
909234,5353
909235,5354
909236,5355
909237,5356
909238,5357
909240,5358
909242,5359
909243,5360
909244,5361
909245,5362
909246,5363
909247,5364
909248,5365
909249,5366
909250,5367
909251,5368
909252,5369
909253,5370
909254,5371
909256,5372
909260,5373
909261,5374
909262,5375
909265,5376
909266,5377
909267,5378
909268,5379
909269,5380
909270,5381
909271,5382
909272,5383
909273,5384
909274,5385
909275,5386
909280,5387
909281,5388
909282,5389
909283,5390
909284,5391
909285,5392
909286,5393
909287,5394
909288,5395
909289,5396
909290,5397
909291,5398
909292,5399
909293,5400
909294,5401
909295,5402
909296,5403
909297,5404
909298,5405
909299,5406
909300,5407
909301,5408
909302,5409
909303,5410
909304,5411
909305,5412
909306,5413
909307,5414
909308,5415
909309,5416
909310,5417
909311,5418
909312,5419
909313,5420
909314,5421
909315,5422
909316,5423
909317,5424
909318,5425
909319,5426
909320,5427
909321,5428
909322,5429
909323,5430
909324,5431
909325,5432
909326,5433
909327,5434
909328,5435
909330,5436
909332,5437
909333,5438
909334,5439
909335,5440
909338,5441
909339,5442
909342,5443
909343,5444
909344,5445
909345,5446
909346,5447
909347,5448
909349,5449
913464,5450
913465,5451
913466,5452
913468,5453
913473,5454
913474,5455
913475,5456
913476,5457
913477,5458
913478,5459
913479,5460
913481,5461
913482,5462
913483,5463
913484,5464
913485,5465
913486,5466
913487,5467
913488,5468
913489,5469
913490,5470
913491,5471
913493,5472
913494,5473
913495,5474
913496,5475
913497,5476
913499,5477
913500,5478
913501,5479
913502,5480
913503,5481
913504,5482
913505,5483
913506,5484
913507,5485
913508,5486
913509,5487
913510,5488
913511,5489
913512,5490
913513,5491
913514,5492
913515,5493
913516,5494
913517,5495
913518,5496
913519,5497
913520,5498
913521,5499
913522,5500
913523,5501
913524,5502
913525,5503
913526,5504
913527,5505
913528,5506
913530,5507
913532,5508
913533,5509
913534,5510
913535,5511
913537,5512
913601,5513
913602,5514
913603,5515
913604,5516
913605,5517
913606,5518
913607,5519
913608,5520
913609,5521
913610,5522
913611,5523
913612,5524
913613,5525
913614,5526
913615,5527
913616,5528
913617,5529
913618,5530
913619,5531
913620,5532
913621,5533
913622,5534
913623,5535
913624,5536
913625,5537
913626,5538
913627,5539
913628,5540
913629,5541
913630,5542
913631,5543
913632,5544
913633,5545
913634,5546
913635,5547
913638,5548
913639,5549
913640,5550
913641,5551
913642,5552
913643,5553
913644,5554
913645,5555
913646,5556
913647,5557
913648,5558
913649,5559
913650,5560
913651,5561
913652,5562
913657,5563
913658,5564
913661,5565
913663,5566
913664,5567
913665,5568
913666,5569
913667,5570
913668,5571
913669,5572
913670,5573
913671,5574
913673,5575
913674,5576
913675,5577
913676,5578
913677,5579
913678,5580
913679,5581
913680,5582
913681,5583
913682,5584
913683,5585
913684,5586
913685,5587
913686,5588
913689,5589
913690,5590
913691,5591
913692,5592
913693,5593
913694,5594
913695,5595
913696,5596
913734,5597
913740,5598
924967,5599
924979,5600
924980,5601
924981,5602
924982,5603
924983,5604
926325,5605
926327,5606
926328,5607
926329,5608
926330,5609
926331,5610
926332,5611
926333,5612
926334,5613
926335,5614
926336,5615
926337,5616
926338,5617
926339,5618
936981,5619
936982,5620
937371,5621
937372,5622
937752,5623
937753,5624
937754,5625
937755,5626
937756,5627
937757,5628
937758,5629
937759,5630
937760,5631
937761,5632
937762,5633
937763,5634
937764,5635
937829,5636
937830,5637
937831,5638
937832,5639
937833,5640
937834,5641
937835,5642
937836,5643
937837,5644
937838,5645
937840,5646
937841,5647
937843,5648
937844,5649
941543,5650
942322,5651
942393,5652
946094,5653
946588,5654
946589,5655
947016,5656
949686,5657
949687,5658
949688,5659
949689,5660
949690,5661
949691,5662
951619,5663
951620,5664
951621,5665
951622,5666
951623,5667
952507,5668
952508,5669
952509,5670
952510,5671
952511,5672
952512,5673
952513,5674
957607,5675
957608,5676
957609,5677
957610,5678
957615,5679
957623,5680
957624,5681
957625,5682
967273,5683
967274,5684
967275,5685
973719,5686
973720,5687
973777,5688
981690,5689
985230,5690
985360,5691
986521,5692
987931,5693
988993,5694
988994,5695
989327,5696
989839,5697
989840,5698
989841,5699
989842,5700
992243,5701
1002902,5702
1004387,5703
1004809,5704
1006064,5705
1006065,5706
1006067,5707
1006068,5708
1010038,5709
1010323,5710
1010405,5711
1011355,5712
1011837,5713
1011838,5714
1011839,5715
1011840,5716
1011841,5717
1011842,5718
1012845,5719
1016370,5720
1016371,5721
1016372,5722
1016377,5723
1016378,5724
1016387,5725
1016724,5726
1019025,5727
1042373,5728
1042374,5729
1042375,5730
1042376,5731
1046237,5732
1046812,5733
1046866,5734
1049562,5735
